understat_player_id,player,league,season,team,minutes,goals
4421,Jason Shackell,EPL,2014-15,Burnley,3346,0
11831,Samu Omorodion,ESP,2023-24,"Alaves,Granada",2014,9
4426,Michael Duff,EPL,2014-15,Burnley,1812,0
4792,Jean Calvé,FRA,2014-15,Caen,1336,2
10830,Jean Négoce,GER,2025-26,Eintracht Frankfurt,1322,3
12387,Dehmaine Assoumani,FRA,2025-26,Nantes,1261,1
4210,Dany Nounkeu,FRA,2014-15,Evian Thonon Gaillard,1244,1
11826,Carlos Benavídez,ESP,2023-24,Alaves,1084,3
7024,Kasim Nuhu,GER,2019-20,Fortuna Duesseldorf,995,1
3822,Luis Pedro Cavanda,ITA,2014-15,Lazio,995,0
7024,Kasim Nuhu,GER,2020-21,Hoffenheim,986,0
10830,Jean Négoce,GER,2024-25,Eintracht Frankfurt,921,2
7024,Kasim Nuhu,GER,2018-19,Hoffenheim,919,0
8768,Kevin Omoruyi,FRA,2025-26,Nice,864,0
13368,Koka,FRA,2024-25,Le Havre,863,3
5124,Alberto Rodríguez,ESP,2020-21,Alaves,851,0
3823,Cristian Ledesma,ITA,2014-15,Lazio,638,0
4464,Matthew Taylor,EPL,2014-15,Burnley,576,0
9170,John Finn,FRA,2024-25,Reims,525,0
4128,Sergio Marcos,ESP,2014-15,Villarreal,482,0
11826,Carlos Benavídez,ESP,2024-25,Alaves,456,1
9864,Luka Bogdan,ITA,2021-22,Salernitana,393,0
4083,Jona,ESP,2014-15,Getafe,360,0
3981,Simone Benedetti,ITA,2014-15,Cagliari,328,0
11826,Carlos Benavídez,ESP,2025-26,Alaves,311,0
4472,Marvin Sordell,EPL,2014-15,Burnley,271,0
10830,Jean Négoce,FRA,2022-23,Angers,254,0
5124,Alberto Rodríguez,ESP,2021-22,Alaves,235,0
5124,Alberto Rodríguez,ESP,2019-20,Alaves,233,0
4104,Adrián Colunga,ESP,2014-15,Granada,222,0
4425,Ross Wallace,EPL,2014-15,Burnley,206,1
2451,Miguel Ángel,ESP,2015-16,Getafe,202,0
1525,Assane Demoya Gnoukouri,ITA,2014-15,Inter,166,0
10830,Jean Négoce,GER,2023-24,Eintracht Frankfurt,162,0
1525,Assane Demoya Gnoukouri,ITA,2016-17,Inter,138,0
10525,Tony Springett,EPL,2021-22,Norwich,138,0
4423,Steven Reid,EPL,2014-15,Burnley,108,0
7335,Callum Slattery,EPL,2018-19,Southampton,107,0
10279,Andrei Motoc,ITA,2021-22,Salernitana,90,0
10601,Alejandro Primo,ESP,2021-22,Levante,90,0
9760,Kike Hermoso,ESP,2021-22,Real Betis,90,1
14378,Ali Youssef,FRA,2025-26,Nantes,90,0
7539,Angelo Ndrecka,ITA,2018-19,Chievo,90,0
7427,Driss Trichard,FRA,2018-19,Bordeaux,90,0
14164,Fabio Moreno Fell,GER,2025-26,Mainz 05,80,0
7481,Till Cissokho,FRA,2018-19,Bordeaux,80,0
7458,Matty Daly,EPL,2018-19,Huddersfield,71,0
13265,Everton Pereira,FRA,2025-26,Nice,71,0
7487,Aaron Rowe,EPL,2018-19,Huddersfield,68,0
1788,Fredrik Ulvestad,EPL,2014-15,Burnley,67,0
10432,Thibault Klidje,FRA,2021-22,Bordeaux,66,0
9884,Francesco Di Mariano,ITA,2021-22,Venezia,65,0
7559,Ibrahim Karamoko,ITA,2018-19,Chievo,64,0
9795,Javier Serrano,ESP,2021-22,Atletico Madrid,64,0
12387,Dehmaine Assoumani,FRA,2024-25,Nantes,63,0
1525,Assane Demoya Gnoukouri,ITA,2015-16,Inter,59,0
9170,John Finn,ESP,2020-21,Getafe,54,0
7099,Paik Seung-Ho,ESP,2018-19,Girona,53,0
14098,Pape Cabral,FRA,2025-26,Monaco,53,0
7437,Demeaco Duhaney,EPL,2018-19,Huddersfield,49,0
10590,Marc Urena,ESP,2021-22,Alaves,44,0
10283,Riccardo Stivanello,ITA,2021-22,Bologna,43,0
13276,Álvaro Pascual,ESP,2024-25,Sevilla,43,0
9170,John Finn,ESP,2024-25,Getafe,36,0
10505,Moustapha Cissé,ITA,2021-22,Atalanta,28,1
9410,Ebenezer Annan,ITA,2021-22,Bologna,23,0
14293,Ilane Touré,FRA,2025-26,Monaco,21,0
9457,José Boacho,ESP,2020-21,Getafe,21,0
10026,Cimo Röcker,GER,2021-22,Hertha Berlin,20,0
4194,Fran Sol,ESP,2014-15,Villarreal,17,0
10339,Christos Kourfalidis,ITA,2021-22,Cagliari,16,0
4232,Héctor,ESP,2014-15,Atletico Madrid,15,0
10623,Hilmir Rafn Mikaelsson,ITA,2021-22,Venezia,14,0
10181,Alex Tirlea,ESP,2021-22,Alaves,12,0
6969,Sergio Moreno,ESP,2018-19,Rayo Vallecano,11,0
14608,Mezian Soares,FRA,2025-26,Lens,10,1
2427,Clavería,ESP,2014-15,Rayo Vallecano,8,0
10213,Álvaro Aguirre,ESP,2021-22,Rayo Vallecano,8,0
10502,Alejandro Asensio,ESP,2021-22,Rayo Vallecano,8,0
7419,Paul Wade,FRA,2018-19,Nice,7,0
10331,Issa Bah,ITA,2021-22,Venezia,7,0
10061,Harrison Ashby,EPL,2021-22,West Ham,6,0
13342,Alessandro Romano,ITA,2025-26,Roma,5,0
10203,Kayky,EPL,2021-22,Manchester City,5,0
10335,Alasanne Sidibe,ITA,2021-22,Atalanta,5,0
1015,Rushian Hepburn-Murphy,EPL,2014-15,Aston Villa,5,0
9990,Yannis M&#039;Bemba,FRA,2021-22,Nantes,4,0
7024,Kasim Nuhu,GER,2021-22,Hoffenheim,3,0
9786,Ben Bobzien,GER,2025-26,Mainz 05,3,0
13970,Cheveyo Mul,ITA,2025-26,AC Milan,2,0
13181,Samuel Nibombé,FRA,2025-26,Monaco,1,0
10150,Nathan Young-Coombes,EPL,2021-22,Brentford,1,0
10141,Sonny Perkins,EPL,2021-22,West Ham,1,0
10313,Dimitrios Keramitsis,ITA,2021-22,Roma,1,0
10424,Daniel Chesters,EPL,2021-22,West Ham,1,0
1015,Rushian Hepburn-Murphy,EPL,2015-16,Aston Villa,1,0
10191,Valentino Fattore,ESP,2021-22,Sevilla,1,0
10226,Omar Faraj,ESP,2021-22,Levante,1,0
7024,Kasim Nuhu,GER,2023-24,Hoffenheim,1,0
11471,Ángel Alarcón,ESP,2022-23,Barcelona,1,0
10567,Djeidi Gassama,FRA,2021-22,Paris Saint Germain,1,0
10357,Tiago Ribeiro,FRA,2021-22,Monaco,1,0
10001,Stuart McKinstry,EPL,2021-22,Leeds,1,0
7314,Tyreke Johnson,EPL,2018-19,Southampton,1,0
